{"cameraMode":{"drawMode":0,"name":"Shaded","section":"Shading Mode"},"sceneLighting":true,"audioPlay":false,"sceneViewState":{"showFog":true,"showMaterialUpdate":false,"showSkybox":true,"showFlares":true,"showImageEffects":true,"showParticleSystems":true},"in2DMode":false,"pivot":{"x":-6.604802131652832,"y":2.6689293384552,"z":-0.12115359306335449},"rotation":{"x":0.2599223256111145,"y":0.6563799977302551,"z":-0.2587570250034332,"w":0.6593866348266602},"size":4.977171897888184,"orthographic":false}